아티스트명,국적,활동장르,데뷔,멤버,성별,구성
로제 (ROSÉ),대한민국,"록/메탈, POP, 발라드",2021.03.12,,여성,솔로
aespa,대한민국,"댄스, 일렉트로니카, R&B/Soul",2020.11.17,"카리나 (KARINA), 지젤 (GISELLE), 윈터 (WINTER), 닝닝 (NINGNING)",여성,그룹
제니 (JENNIE),대한민국,"댄스, 국외드라마, POP",2018.11.12,,여성,솔로
DAY6 (데이식스),대한민국,"록/메탈, 댄스, 발라드",2015.09.07,"성진 (DAY6), Young K (DAY6), 원필 (DAY6), 도운 (DAY6)",남성,그룹
G-DRAGON,대한민국,"댄스, 랩/힙합, 발라드",2009.08.18,,남성,솔로
QWER,대한민국,"록/메탈, 일렉트로니카, 발라드",2023.10.18,"쵸단, 마젠타, 히나, 시연",여성,그룹
AKMU (악뮤),대한민국,"댄스, 포크/블루스, 발라드",2014.04.07,"이찬혁, 이수현",혼성,그룹
프로미스나인,대한민국,"댄스, 발라드, 국내드라마",2018.01.24,"송하영 (프로미스나인), 이채영 (프로미스나인), 이나경 (프로미스나인), 박지원 (프로미스나인), 백지헌 (프로미스나인)",여성,그룹
로이킴,대한민국,"발라드, 국내드라마, 포크/블루스",2013.04.22,,남성,솔로
이클립스 (ECLIPSE),대한민국,"국내드라마, 록/메탈, 발라드",2024.04,,남성,그룹
NewJeans,대한민국,"댄스, 국내드라마, 발라드",2022.07.22,"민지(MINJI), 하니(HANNI), 다니엘(DANIELLE), 해린(HAERIN), 혜인(HYEIN)",여성,그룹
이창섭,대한민국,"발라드, 국내드라마, 록/메탈",2018.12.11,,남성,솔로
이영지,대한민국,"랩/힙합, POP, 국내드라마",2019.11.02,,여성,솔로
i-dle (아이들),대한민국,"댄스, POP, 록/메탈",2018.05.02,"소연 (SOYEON), 미연 (MIYEON), 우기 (YUQI), 슈화 (SHUHUA), 민니 (MINNIE)",여성,그룹
순순희(지환),대한민국,"발라드, 인디음악, 랩/힙합",2018.04.17,,남성,솔로
KISS OF LIFE,대한민국,"댄스, R&B/Soul, 발라드",2023.07.05,"쥴리 (KISS OF LIFE), 나띠 (KISS OF LIFE), 벨 (KISS OF LIFE), 하늘 (KISS OF LIFE)",여성,그룹
TWS (투어스),대한민국,"댄스, 국내드라마, 발라드",2024.01.22,"신유, 도훈, 영재 (TWS), 한진, 지훈, 경민",남성,그룹
아이유,대한민국,"발라드, 댄스, 록/메탈",2008.09.18,,여성,솔로
아일릿(ILLIT),대한민국,"댄스, POP, 애니메이션/웹툰",2024.03.25,"윤아, 민주 (아일릿(ILLIT)), 모카, 원희 (아일릿(ILLIT)), 이로하",여성,그룹
너드커넥션 (Nerd Connection),대한민국,"록/메탈, 인디음악, 국내드라마",2018.08.14,"박재현, 서영주 of 너드커넥션, 신연태, 최승원",남성,그룹
잔나비,대한민국,"록/메탈, 인디음악, 국내드라마",2014.04.28,"잔나비 최정훈, 잔나비 김도형",남성,그룹
성시경,대한민국,"발라드, 국내드라마, 댄스",2000.10.17,,남성,솔로
이무진,대한민국,"발라드, 록/메탈, 국내드라마",2021.05.14,,남성,솔로
PLAVE,대한민국,"록/메탈, 발라드, R&B/Soul",2023.03.12,"노아, 밤비, 예준, 은호, 하민",남성,그룹
임영웅,대한민국,"성인가요/트로트, 발라드, 댄스",2016.08.08,,남성,솔로
박재정,대한민국,"발라드, 국내드라마, 록/메탈",2013.11.20,,남성,솔로
임재현,대한민국,"발라드, 인디음악, 국내드라마",2018.09.25,,남성,솔로
세븐틴 (SEVENTEEN),대한민국,"댄스, 발라드, 랩/힙합",2015.05.26,"S.COUPS, 정한, 조슈아, 준, 호시, 원우, 도겸, 민규, 디에잇, 승관, Vernon, 디노, WOOZI",남성,그룹
경서예지,대한민국,"발라드, 록/메탈, 포크/블루스",2020.04.12,"경서 (경서예지), 전예지 (경서예지)",여성,그룹
폴킴,대한민국,"발라드, R&B/Soul, 국내드라마",2014.01.21,,남성,솔로
IVE (아이브),대한민국,"댄스, 발라드, R&B/Soul",2021.12.01,"안유진 (IVE), 가을 (IVE), 레이 (IVE), 장원영 (IVE), 리즈 (IVE), 이서 (IVE)",여성,그룹
Crush,대한민국,"R&B/Soul, 발라드, 댄스",2012.12.07,,남성,솔로
지코 (ZICO),대한민국,"랩/힙합, 발라드, 국내드라마",2014.11.07,,남성,솔로
범진,대한민국,"발라드, 인디음악, 국내드라마",2019.05.25,,남성,솔로
NMIXX,대한민국,"댄스, 애니메이션/웹툰, 월드뮤직",2022.02.22,"릴리 (NMIXX), 해원 (NMIXX), 설윤 (NMIXX), 배이 (NMIXX), 지우 (NMIXX), 규진 (NMIXX)",여성,그룹
WOODZ,대한민국,"댄스, R&B/Soul, 록/메탈",2016.07.29,,남성,솔로
정국,대한민국,"댄스, POP, 발라드",2013.06.12,,남성,솔로
김민석 (멜로망스),대한민국,"발라드, 국내드라마, 인디음악",2018.12.18,,남성,솔로
멜로망스,대한민국,"발라드, 국내드라마, 인디음악",2015.03.10,"정동환 (멜로망스), 김민석 (멜로망스)",남성,그룹
태연 (TAEYEON),대한민국,"발라드, R&B/Soul, 댄스",2015.10.07,,여성,솔로
RIIZE,대한민국,"댄스, R&B/Soul, 일렉트로니카",2023.09.04,"쇼타로 (SHOTARO), 은석 (EUNSEOK), 성찬 (SUNGCHAN), 원빈 (WONBIN), 소희 (SOHEE), 앤톤 (ANTON)",남성,그룹
윤하 (YOUNHA),대한민국,"발라드, 록/메탈, 국내드라마",2004.09.01,,여성,솔로
부석순 (SEVENTEEN),대한민국,"댄스, 국내드라마, 발라드",2018.03.21,"도겸, 승관, 호시",남성,그룹
우디 (Woody),대한민국,"발라드, R&B/Soul, 국내드라마",2019.01.23,,남성,솔로
황인욱,대한민국,"발라드, 국내드라마, R&B/Soul",2017.07.28,,남성,솔로
허각,대한민국,"발라드, 국내드라마, 댄스",2010.11.04,,남성,솔로
방탄소년단,대한민국,"랩/힙합, 댄스, POP",2013.06.13,"RM, SUGA, 진, j-hope, 지민, V, 정국",남성,그룹
황가람,대한민국,"발라드, 국내드라마, 애니메이션/웹툰",2021.01.16,,남성,솔로
LE SSERAFIM (르세라핌),대한민국,"댄스, 랩/힙합, R&B/Soul",2022.05.02,"김채원, 사쿠라, 허윤진, 카즈하, 홍은채",여성,그룹
MEOVV (미야오),대한민국,"랩/힙합, R&B/Soul, 댄스",2024.09.06,"수인 (SOOIN), 가원 (GAWON), 안나 (ANNA), 나린 (NARIN), 엘라 (ELLA)",여성,그룹
YENA (최예나),대한민국,"댄스, 록/메탈, R&B/Soul",2022.01.17,,여성,솔로
비비 (BIBI),대한민국,"R&B/Soul, 발라드, 국내드라마",2019.05.15,,여성,솔로
카더가든,대한민국,"발라드, 록/메탈, 국내드라마",2013.09.24,,남성,솔로
최유리,대한민국,"발라드, 인디음악, 포크/블루스",2020.02.24,,여성,솔로
비투비,대한민국,"댄스, 발라드, 국내드라마",2012.03.21,"서은광 (비투비), 이민혁 (허타), 이창섭, 임현식 (비투비), 프니엘 (비투비), 육성재",남성,그룹
BABYMONSTER,대한민국,"댄스, R&B/Soul, 랩/힙합",2024.04.01,"루카(RUKA), 파리타(PHARITA), 아사(ASA), 아현(AHYEON), 라미(RAMI), 로라(RORA), 치키타(CHIQUITA)",여성,그룹
재쓰비 (JAESSBEE),대한민국,"댄스, 국내드라마",2024.11.11,,혼성,그룹
EXO,대한민국,"댄스, 발라드, R&B/Soul",2012.04.08,"카이 (KAI), 첸 (CHEN), 세훈 (SEHUN), 레이 (LAY), 시우민 (XIUMIN), 백현 (BAEKHYUN), 도경수(D.O.), 수호 (SUHO), 찬열 (CHANYEOL)",남성,그룹
SG 워너비,대한민국,"발라드, R&B/Soul, 국내드라마",2004.01.20,"김진호 (SG워너비), 김용준, 이석훈",남성,그룹
순순희,대한민국,"발라드, 인디음악, 국내드라마",2018.04.17,"순순희(기태), 미러볼 (김부성), 순순희(지환)",남성,그룹
정승환,대한민국,"발라드, 국내드라마, 댄스",2016.11.29,,남성,솔로
박효신,대한민국,"발라드, R&B/Soul, 댄스",1999.11.04,,남성,솔로
TWICE (트와이스),대한민국,"댄스, 발라드, R&B/Soul",2015.10.20,"나연 (TWICE), 정연, 모모, 사나, 지효 (TWICE), 미나, 다현, 채영 (TWICE), 쯔위 (TWICE)",여성,그룹
BOYNEXTDOOR,대한민국,"댄스, 랩/힙합, R&B/Soul",2023.05.30,"성호, 리우, 명재현, 태산, 이한, 운학",남성,그룹
BIGBANG (빅뱅),대한민국,"랩/힙합, 댄스, 발라드",2006.08.19,"태양, G-DRAGON, 대성, T.O.P",남성,그룹
마크툽 (MAKTUB),대한민국,"R&B/Soul, 인디음악, 발라드",2011.09.21,,남성,솔로
여자친구 (GFRIEND),대한민국,"댄스, 발라드, 국내드라마",2015.01.16,"소원 (여자친구), 예린 (YERIN), 은하 (EUNHA), 유주 (YUJU), 신비 (SINB), 엄지 (UMJI)",여성,그룹
김보경 (NEON),대한민국,"발라드, 록/메탈, 국내드라마",2010.11.16,,여성,솔로
조째즈,대한민국,"발라드, 국내드라마, 성인가요/트로트",2025.01.07,,남성,솔로
지수 (JISOO),대한민국,"댄스, POP",2023.03.31,,여성,솔로
KiiiKiii (키키),대한민국,"댄스, 랩/힙합, R&B/Soul",2024.03.24,"지유 (KiiiKiii), 이솔 (KiiiKiii), 수이 (KiiiKiii), 하음 (KiiiKiii), 키야 (KiiiKiii)",여성,그룹
Hearts2Hearts (하츠투하츠),대한민국,"일렉트로니카, 댄스, R&B/Soul",2025.02.24,"지우 (JIWOO), 카르멘 (CARMEN), 유하 (YUHA), 스텔라 (STELLA), 주은 (JUUN), 에이나 (A-NA), 이안 (IAN), 예온 (YE-ON)",여성,그룹
10CM,대한민국,"포크/블루스, 인디음악, 발라드",2010.04.22,권정열,남성,솔로
j-hope,대한민국,"랩/힙합, R&B/Soul, 댄스",2022.07.15,,남성,솔로
오반(OVAN),대한민국,"랩/힙합, 인디음악, R&B/Soul",2017.03.02,,남성,솔로
이예은,대한민국,발라드,2022.08.13,,여성,솔로
송필근,대한민국,"발라드, 포크/블루스, 록/메탈",2014.11.28,,남성,솔로
HIGH4 (하이포),대한민국,"댄스, 발라드, R&B/Soul",2014.04.08,"김윤오, 백명한, 임영준 (하이포), 알렉스 (하이포)",남성,그룹
버스커 버스커,대한민국,"록/메탈, 발라드, 댄스",2012.03.29,"장범준, 브래드, 형태",남성,그룹
RESCENE (리센느),대한민국,"댄스, R&B/Soul, 국내드라마",2024.03.26,"원이 (WONI), 리브 (LIV), 미나미 (MINAMI), 메이 (MAY), 제나 (ZENA)",여성,그룹
로꼬,대한민국,"랩/힙합, 국내드라마, 댄스",2012.09.04,,남성,솔로
NCT WISH,대한민국,"댄스, 애니메이션/웹툰, 키즈",2024.02.21,"시온 (SION), 유우시 (YUSHI), 리쿠 (RIKU), 재희 (JAEHEE), 료 (RYO), 사쿠야 (SAKUYA)",남성,그룹
마크 (MARK),캐나다,"랩/힙합, R&B/Soul, 발라드",2017.04.01,,남성,솔로
현서 (HYUN SEO),대한민국,"R&B/Soul, 인디음악, 랩/힙합",2021.10.28,,남성,솔로
투모로우바이투게더,대한민국,"댄스, 록/메탈, 국내드라마",2019.03.04,"수빈, 연준, 범규, 태현, 휴닝카이",남성,그룹
도경수(D.O.),대한민국,"발라드, 포크/블루스, 국내드라마",2021.07.26,,남성,솔로
마틴스미스,대한민국,"발라드, 국내드라마, 인디음악",2016.05.13,"Neat , eldon",남성,그룹
엔플라잉 (N.Flying),대한민국,"록/메탈, 국내드라마, 댄스",2015.05.20,"이승협 (J.DON), 차훈 (엔플라잉), 김재현, 유회승 (엔플라잉), 서동성",남성,그룹
데이먼스 이어 (Damons year),대한민국,"인디음악, 록/메탈, 발라드",2017.05.25,,남성,솔로
ALLDAY PROJECT,대한민국,"랩/힙합, 댄스",2025.06.23,"ANNIE, TARZZAN, BAILEY, WOOCHAN, YOUNGSEO",혼성,그룹
FIFTY FIFTY,대한민국,"댄스, POP, 키즈",2022.11.18,"키나, 문샤넬, 예원, 하나, 아테나",여성,그룹
BLACKPINK,대한민국,"댄스, 랩/힙합, POP",2016.08.08,"지수 (JISOO), 제니 (JENNIE), 로제 (ROSÉ), 리사 (LISA)",여성,그룹
H1-KEY (하이키),대한민국,"댄스, 국내드라마, R&B/Soul",2022.01.05,"서이 (하이키), 리이나 (하이키), 옐 (하이키), 휘서 (하이키)",여성,그룹
NCT DREAM,대한민국,"댄스, R&B/Soul, 랩/힙합",2016.08.25,"천러 (CHENLE), 런쥔 (RENJUN), 재민 (JAEMIN), 지성 (JISUNG), 제노 (JENO), 해찬 (HAECHAN), 마크 (MARK)",남성,그룹
거북이,대한민국,"댄스, 랩/힙합, 발라드",2001.12.20,"금비, 이강,지이",혼성,그룹
먼데이 키즈,대한민국,"발라드, 국내드라마, R&B/Soul",2005.11.03,이진성 (먼데이 키즈),남성,솔로
이찬혁,대한민국,"댄스, 록/메탈, 발라드",2022.10.17,,남성,솔로
박다혜,대한민국,"발라드, 애니메이션/웹툰, R&B/Soul",2015.06.16,,여성,솔로
임창정,대한민국,"발라드, 댄스, 국내드라마",1995.04.01,,남성,솔로
DK(디셈버),대한민국,"발라드, 국내드라마, 록/메탈",2009.10.27,,남성,솔로
CORTIS (코르티스),대한민국,"댄스, 랩/힙합, R&B/Soul",2025.08.18,"마틴, 제임스, 주훈, 성현, 건호",남성,그룹
다영 (DAYOUNG),대한민국,"댄스, 국내드라마, 발라드",2025.09.09,,여성,솔로
브라운 아이드 소울,대한민국,"R&B/Soul, 발라드, 국내드라마",2003.09.17,"나얼, 정엽, 영준",남성,그룹
다비치,대한민국,"발라드, 국내드라마, 댄스",2008.02.22,"강민경 (다비치), 이해리 (다비치)",여성,그룹
화사 (HWASA),대한민국,"댄스, R&B/Soul, 발라드",2019.02.13,,여성,솔로
한로로,대한민국,"록/메탈, 인디음악, 국내드라마",2022.03.14,,여성,솔로
BIG Naughty (서동현),대한민국,"랩/힙합, R&B/Soul, 국내드라마",2019.11.21,,남성,솔로
AOA,대한민국,"댄스, 발라드, 일렉트로니카",2012.07.30,"설현 (AOA), 혜정 (AOA), 도화 (AOA)",여성,그룹
나윤권,대한민국,"발라드, 국내드라마, 댄스",2004.09.13,,남성,솔로
이보람 (씨야),대한민국,"발라드, 국내드라마, R&B/Soul",2017.01.17,,여성,솔로
김태리,대한민국,"국내영화, 국내드라마, 발라드",2016.08.25,,여성,솔로
닐로(Nilo),대한민국,발라드,2015.09.14,,남성,솔로
레드벨벳-아이린&슬기,대한민국,"댄스, R&B/Soul, 일렉트로니카",2020.07.06,"아이린 (IRENE) , 슬기 (SEULGI)",여성,그룹
양요섭,대한민국,"발라드, 국내드라마, R&B/Soul",2012.11.26,,남성,솔로
유아 (오마이걸),대한민국,"댄스, 발라드, 국내드라마",2020.09.07,,여성,솔로
포맨 (4MEN),대한민국,"발라드, R&B/Soul, 국내드라마",1998.02.01,"윤요셉 , 하은 (포맨) , 한빈 (포맨)",남성,그룹
신예영,대한민국,"발라드, 국내드라마, 록/메탈",2019.11.20,,여성,솔로
규현 (KYUHYUN),대한민국,"발라드, 국내드라마, 댄스",2014.11.13,,남성,솔로
가비엔제이,대한민국,"발라드, R&B/Soul, 댄스",2005.11.11,"나예 (가비엔제이) , 루안 (가비엔제이) , 리엘 (가비엔제이) , 예잔 (가비엔제이)",여성,그룹
창모 (CHANGMO),대한민국,"랩/힙합, 국내드라마, 댄스",2014.06.10,,남성,솔로
조이 (JOY),대한민국,"발라드, 국내드라마, 댄스",2017,,여성,솔로
XIA (준수),대한민국,"발라드, 댄스, 국내드라마",2012.05.15,,남성,솔로
곽진언,대한민국,"발라드, 국내드라마, 포크/블루스",2016.05.10,,남성,솔로
"싹쓰리 (유두래곤, 린다G, 비룡)",대한민국,댄스,2020.07.11,"유두래곤 , 린다G , 비룡",혼성,그룹
LUCY,대한민국,"록/메탈, 국내드라마, 애니메이션/웹툰",2020.05.08,"신예찬 , 최상엽 , 조원상 , 신광일",남성,그룹
WSG워너비 조별경연 (대청봉),대한민국,발라드,2022.05.28,,여성,그룹
노아주다 (noahjooda),대한민국,"랩/힙합, 인디음악, R&B/Soul",2019.01.29,,남성,솔로
브라운아이드걸스,대한민국,"댄스, 발라드, R&B/Soul",2006.03.02,"제아 , 나르샤 (Brown Eyed Girls) , 미료 , 가인",여성,그룹
허성현 (rosy),대한민국,"랩/힙합, 인디음악, R&B/Soul",2019.10.15,,남성,솔로
몬스타엑스,대한민국,"댄스, 랩/힙합, POP",2015.05.14,"주헌 (몬스타엑스) , 셔누 (몬스타엑스) , 기현 (몬스타엑스) , 형원 (몬스타엑스) , 민혁 (몬스타엑스) , I.M (아이엠)",남성,그룹
하동균,대한민국,"발라드, 국내드라마, 록/메탈",2006.06.09,,남성,솔로
ZEROBASEONE (제로베이스원),대한민국,"댄스, R&B/Soul, 국내드라마",2023.07.10,"성한빈 (ZEROBASEONE) , 김지웅 (ZEROBASEONE) , 석매튜 (ZEROBASEONE) , 김태래 (ZEROBASEONE) , 박건욱 (ZEROBASEONE)",남성,그룹
Sondia,대한민국,"국내드라마, 발라드, 록/메탈",2016.08.11,,여성,솔로
MINO (송민호),대한민국,"댄스, 발라드, 랩/힙합",2014.08.17,"강승윤 , JINU (김진우) , MINO (송민호) , 이승훈",남성,그룹
NC.A,대한민국,"발라드, 댄스, 국내드라마",2013.08.12,,여성,솔로
윤딴딴,대한민국,"포크/블루스, 인디음악, 국내드라마",2014.02.14,,남성,솔로
민니 (MINNIE),타이 왕국,"국내드라마, 발라드, POP",2025.01.21,,여성,솔로
Apink (에이핑크),대한민국,"댄스, 발라드, POP",2011.04.19,"정은지 , 박초롱 (에이핑크) , 오하영 (에이핑크) , 김남주 (에이핑크) , 윤보미 (에이핑크)",여성,그룹
김진표,대한민국,"랩/힙합, 국내드라마, 발라드",1997.06.01,,남성,솔로
이수 (엠씨더맥스),대한민국,"발라드, 국내드라마, 국내영화",2008.04.15,,남성,솔로
tripleS (트리플에스),대한민국,"댄스, R&B/Soul, 국내드라마",2023.02.13,"윤서연 , 정혜린 , 이지우 , 김채연 , 김유연 , 김수민 , 김나경 , 공유빈 , 카에데 , 서다현 , 니엔 , 박소현 , 신위 , 마유 , 코토네 , 곽연지 , 린 , 주빈 , 정하연 , 박시온 , 김채원 , 설린 , 서아 , 지연",여성,그룹
한동근,대한민국,"발라드, 국내드라마, 댄스",2014.09.30,,남성,솔로
황치열,대한민국,"발라드, 국내드라마, 댄스",2007.02.12,,남성,솔로
이승윤,대한민국,"록/메탈, 인디음악, 국내드라마",2013.05.07,,남성,솔로
하이라이트 (HIGHLIGHT),대한민국,"댄스, 발라드, R&B/Soul",2017.03.20,"윤두준 , 양요섭 , 이기광 , 손동운",남성,그룹
정경호,대한민국,"국내드라마, 발라드, 록/메탈",2004.12.24,,남성,솔로
죠지,대한민국,"R&B/Soul, 발라드, 국내드라마",2016.03.16,,남성,솔로
미연 (MIYEON),대한민국,"국내드라마, 발라드, 댄스",2022.04.27,,여성,솔로
#안녕,대한민국,"발라드, 인디음악, 국내드라마",2016.08.18,,남성,솔로
GOT the beat,대한민국,댄스,2022.01.03,"보아 (BoA) , 태연 (TAEYEON) , 효연 (HYOYEON) , 슬기 (SEULGI) , 웬디 (WENDY) , 카리나 (KARINA) , 윈터 (WINTER)",여성,그룹
잠골버스,대한민국,"발라드, 인디음악, 록/메탈",2020.01.28,"잠골버스(준헌) , 김용 , 정일호 , 정윤섭",남성,그룹
길구봉구,대한민국,"발라드, 국내드라마, 댄스",2013.04.01,"봉구 (길구봉구) , 길구 (길구봉구)",남성,그룹
세훈&찬열,대한민국,"랩/힙합, 일렉트로니카",2019.07.22,"세훈 (SEHUN) , 찬열 (CHANYEOL)",남성,그룹
오마이걸 (OH MY GIRL),대한민국,"댄스, 발라드, POP",2015.04.20,"효정 (오마이걸) , 미미 (오마이걸) , 유아 (오마이걸) , 승희 (오마이걸) , 유빈 (오마이걸) , 아린 (오마이걸)",여성,그룹
씨야,대한민국,"발라드, 댄스, 국내영화",2006.03.12,"남규리 , 김연지 , 이보람 (씨야)",여성,그룹
X1 (엑스원),대한민국,"댄스, 발라드",2019.08.27,"한승우 , 김우석 , WOODZ , 김요한 , 한결(BAE173) , 차준호 , 손동표 , 민희 (CRAVITY) , 은상 , 형준 (CRAVITY) , 도현",남성,그룹
호미들,대한민국,"랩/힙합, 인디음악, 댄스",2019.11.15,"CK , Louie , Chin",남성,그룹
이상순,대한민국,"발라드, 포크/블루스, 록/메탈",2018.03.04,,남성,솔로
Raiden,대한민국,"일렉트로니카, 댄스, 국내드라마",2017.01.13,,남성,솔로
존박,미국,"발라드, 국내드라마, R&B/Soul",2010.12.17,,남성,솔로
STAYC(스테이씨),대한민국,"댄스, R&B/Soul, POP",2020.11.12,"수민 (SUMIN) , 시은 (SIEUN) , 아이사 (ISA) , 세은 (SEEUN) , 윤 (YOON) , 재이 (J)",여성,그룹
바이브,대한민국,"발라드, R&B/Soul, 댄스",2002.02.01,"윤민수(바이브) , 류재현",남성,그룹
에릭남 (Eric Nam),미국,"발라드, 댄스, POP",2013.01.23,,남성,솔로
Kep1er (케플러),대한민국,"댄스, R&B/Soul, POP",2022.01.03,"최유진 (Kep1er) , 샤오팅 (Kep1er) , 김채현 (Kep1er) , 김다연 (Kep1er) , 히카루 (Kep1er) , 휴닝바히에 (Kep1er)",여성,그룹
카라,대한민국,"댄스, 발라드, 국내드라마",2007.03.29,"박규리 (카라) , 한승연 , 구하라 (카라) , 허영지 (카라) , 니콜 , 강지영",여성,그룹
휘인 (Whee In),대한민국,"발라드, R&B/Soul, 국내드라마",2018.04.17,,여성,솔로
NSW yoon,대한민국,"랩/힙합, 인디음악, 월드뮤직",2021.06.23,,남성,솔로
MC몽,대한민국,"랩/힙합, 댄스, 발라드",2004.04.23,,남성,솔로
윤민수(바이브),대한민국,"발라드, R&B/Soul, CCM",2006.12.22,,남성,솔로
린,대한민국,"발라드, R&B/Soul, 국내드라마",2002.11.22,,여성,솔로
효린,대한민국,"발라드, 댄스, 국내드라마",2013.11.26,,여성,솔로
이영현,대한민국,"발라드, 국내드라마, 댄스",2009.10.29,,여성,솔로
V,대한민국,"R&B/Soul, 국내드라마, 발라드",2023.09.08,,남성,솔로
WSG워너비(4FIRE),대한민국,"R&B/Soul, 발라드",2022.07.09,"나비 (Navi) , SOLE (쏠) , 엄지윤 , 권진아",여성,그룹
박봄 (Park Bom),대한민국,"발라드, R&B/Soul, 댄스",2009.10.28,,여성,솔로
송하예,대한민국,"발라드, 국내드라마, 댄스",2014.08.08,,여성,솔로
뉴이스트,대한민국,"댄스, 발라드, R&B/Soul",2012.03.15,"김종현(JR) , 아론 , 백호 , 황민현 , 렌 (REN)",남성,그룹
주호,대한민국,"발라드, 국내드라마, R&B/Soul",2016.02.16,,남성,솔로
송가인,대한민국,"성인가요/트로트, 발라드, 국내드라마",2012.10.12,,여성,솔로
2BIC(투빅),대한민국,"발라드, R&B/Soul, 국내드라마",2012.03.14,"지환 (2BIC) , 준형 (2BIC)",남성,그룹
빈첸,대한민국,"랩/힙합, 발라드",2018.05.09,,남성,솔로
이소정,대한민국,"발라드, 국내드라마, R&B/Soul",2017.05.04,,여성,솔로
릴보이 (lIlBOI),대한민국,"랩/힙합, 국내드라마, 댄스",2018.12.07,,남성,솔로
조정석,대한민국,"국내드라마, 발라드, 포크/블루스",2015.08.28,,남성,솔로
헨리 (HENRY),캐나다,"발라드, 댄스, R&B/Soul",2013.06.07,,남성,솔로
빅마마,대한민국,"R&B/Soul, 발라드, 댄스",2003.02.06,"신연아 , 이영현 , 박민혜 (빅마마) , 이지영 (빅마마)",여성,그룹
펭수,대한민국,"댄스, 랩/힙합",2020.04.21,,unknown,솔로
윤토벤,대한민국,"발라드, 인디음악, 댄스",2019.08.01,,남성,솔로
거미 (GUMMY),대한민국,"발라드, R&B/Soul, 국내드라마",2003.02.01,,여성,솔로
Zion.T,대한민국,"R&B/Soul, 랩/힙합, 댄스",2011.04.29,,남성,솔로
정동하,대한민국,"발라드, 록/메탈, 국내드라마",2014.10.08,,남성,솔로
김연지,대한민국,"발라드, 국내드라마, 성인가요/트로트",2010.02.18,,여성,솔로
지아,대한민국,"발라드, 국내드라마, 댄스",2007.07.16,,여성,솔로
개코,대한민국,"랩/힙합, 국내드라마, R&B/Soul",2013.02.19,,남성,솔로
윤건,대한민국,"발라드, 국내드라마, R&B/Soul",2003.11.12,,남성,솔로
Mudd the student,대한민국,"랩/힙합, 록/메탈, 인디음악",2019.12.03,,남성,솔로
솔지,대한민국,"발라드, 국내드라마, 성인가요/트로트",2008.01.15,,여성,솔로
노윤하,대한민국,"랩/힙합, 국내영화",2021.03.27,,남성,솔로
런치,대한민국,"R&B/Soul, 인디음악, 랩/힙합",2019.09.22,,여성,솔로
이해리 (다비치),대한민국,"발라드, 국내드라마, 댄스",2011.01,,여성,솔로
아샤트리,대한민국,발라드,2022.05.14,"방태연 , 문지원",여성,그룹
환희,대한민국,"발라드, 성인가요/트로트, 국내드라마",2009.10.22,,남성,솔로
San E (산이),대한민국,"랩/힙합, 댄스, 국내영화",2010.09.13,,남성,솔로
IZ*ONE (아이즈원),대한민국,"댄스, 발라드, 성인가요/트로트",2018.10.29,"장원영 (IVE) , 사쿠라 , 조유리 , YENA (최예나) , 안유진 (IVE) , 야부키 나코 , 권은비 , 강혜원 , 히토미 (HITOMI) , 김채원 , 김민주 , 이채연",여성,그룹
"허용별 (허각, 신용재, 임한별)",대한민국,"발라드, 록/메탈",2023.09.10,"허각 , 신용재 (2F) , 임한별",남성,그룹
보이비,대한민국,"랩/힙합, 국내드라마, 인디음악",2010.08.26,,남성,솔로
윤미래,미국,"랩/힙합, R&B/Soul, 발라드",2001.09.10,,여성,솔로
제시 (Jessi),미국,"랩/힙합, 발라드, R&B/Soul",2005.12.01,,여성,솔로
염따,대한민국,"랩/힙합, 국내드라마, 댄스",2006.09.11,,남성,솔로
V.O.S,대한민국,"발라드, R&B/Soul, 댄스",2004.04.12,"김경록 (V.O.S) , 최현준 (V.O.S) , 박지헌",남성,그룹
혁오 (HYUKOH),대한민국,"록/메탈, 인디음악, 발라드",2014.09.18,"오혁 , 이인우 , 임동건 , 임현제",남성,그룹
미도와 파라솔,대한민국,"국내드라마, 록/메탈, 발라드",2020.05.15,"조정석 , 유연석 , 정경호 , 김대명 , 전미도",혼성,그룹
정은지,대한민국,"발라드, 댄스, 국내드라마",2016.04.18,,여성,솔로
2AM,대한민국,"발라드, 댄스, R&B/Soul",2008.07.11,"조권 , 이창민 , 임슬옹 , 정진운",남성,그룹
우원재,대한민국,"랩/힙합, 국내드라마, R&B/Soul",2017.09.04,,남성,솔로
권은비,대한민국,"댄스, R&B/Soul, 국내드라마",2021.08.24,,여성,솔로
MSG워너비(M.O.M),대한민국,발라드,2021.05.21,"별루지 , 강창모 , 박재정 , 원슈타인",남성,그룹
2PM,대한민국,"댄스, 발라드, R&B/Soul",2008.09.04,"닉쿤 (2PM) , 택연 , 장우영 , 이준호 , 찬성 , 준케이 (JUN. K)",남성,그룹
엠씨더맥스 (M.C the MAX),대한민국,"발라드, 록/메탈, 국내드라마",2002.11.01,"이수 (엠씨더맥스) , 전민혁 , J. Yoon",남성,그룹
이예준,대한민국,"발라드, 국내드라마, 댄스",2014.01.07,,여성,솔로
김재환,대한민국,"발라드, 국내드라마, R&B/Soul",2019.05.20,,남성,솔로
소녀시대 (GIRLS' GENERATION),대한민국,"댄스, 발라드, 일렉트로니카",2007.08.05,"태연 (TAEYEON) , 써니 (SUNNY) , 유리 (YURI) , 수영 (SOOYOUNG) , Tiffany Young , 서현 (SEOHYUN) , 윤아 (YOONA) , 효연 (HYOYEON)",여성,그룹
태양,대한민국,"R&B/Soul, 댄스, 발라드",2008.05.22,,남성,솔로
마미손,대한민국,"랩/힙합, 발라드, 댄스",2018.11.10,,남성,솔로
주시크 (Joosiq),대한민국,"R&B/Soul, 인디음악, 랩/힙합",2020.07.15,,남성,솔로
WSG워너비 (가야G),대한민국,발라드,2022.07.09,"이보람 (씨야) , 정소연 (Jung Soyeon) , HYNN (박혜원) , 정지소",여성,그룹
신용재 (2F),대한민국,"발라드, 국내드라마, R&B/Soul",2012.07.27,,남성,솔로
NCT 도재정,대한민국,"R&B/Soul, 일렉트로니카, 발라드",2023.04.17,"도영 (DOYOUNG) , 재현 (JAEHYUN) , 정우 (JUNGWOO)",남성,그룹
던 (DAWN),대한민국,"R&B/Soul, 발라드, 랩/힙합",2019.11.05,,남성,솔로
라비 (RAVI),대한민국,"랩/힙합, 발라드, 댄스",2017.01.09,,남성,솔로
선예,대한민국,"발라드, 국내드라마, CCM",2007.07,,여성,솔로
PATEKO (파테코),대한민국,"인디음악, 랩/힙합, 록/메탈",2020.07.19,,남성,솔로
순순희(기태),대한민국,"발라드, 인디음악, 국내드라마",2023.01.23,,남성,솔로
청하,대한민국,"댄스, 발라드, 국내드라마",2017.04.21,,여성,솔로
이석훈,대한민국,"발라드, 국내드라마, 댄스",2010.04.22,,남성,솔로
케이시 (Kassy),대한민국,"발라드, 국내드라마, R&B/Soul",2015.08.25,,여성,솔로
Say Yes!,"대한민국,캐나다",댄스,2023.04.06,,남성,그룹
조광일,대한민국,"랩/힙합, 국내드라마, 인디음악",2019.10.29,,남성,솔로
보라미유,대한민국,"발라드, 인디음악, 국내드라마",2018.11.21,,여성,솔로
베이식 (Basick),대한민국,"랩/힙합, 인디음악, 국내드라마",2008.03.18,,남성,솔로
장혜진,대한민국,"발라드, 국내드라마, 댄스",1991.09.01,,여성,솔로
찬열 (CHANYEOL),대한민국,"발라드, 록/메탈, 국내영화",2024.08.28,,남성,솔로
강민경 (다비치),대한민국,"발라드, 국내드라마, 댄스",2012.08,,여성,솔로
SHINee (샤이니),대한민국,"댄스, 발라드, R&B/Soul",2008.05.25,"종현 (JONGHYUN) , 키 (KEY) , 태민 (TAEMIN) , 온유 (ONEW) , 민호 (MINHO)",남성,그룹
블루 (BLOO),대한민국,"랩/힙합, 인디음악, 국내드라마",2016.06.18,,남성,솔로
ASH ISLAND,대한민국,"랩/힙합, R&B/Soul, 록/메탈",2018.11.12,,남성,솔로
시온,독일,"R&B/Soul, 발라드, 국내드라마",2022.07.23,,남성,솔로
유림,대한민국,발라드,2022.11.13,,여성,솔로
KCM,대한민국,"발라드, 국내드라마, 댄스",2004.09.07,,남성,솔로
Red Velvet (레드벨벳),대한민국,"댄스, R&B/Soul, 발라드",2014.08.01,"웬디 (WENDY) , 아이린 (IRENE) , 슬기 (SEULGI) , 조이 (JOY) , 예리 (YERI)",여성,그룹
환불원정대,대한민국,댄스,2020.10.10,"만옥 , 천옥 , 은비 , 실비",여성,그룹
HYNN (박혜원),대한민국,"발라드, 국내드라마, 록/메탈",2018.12.28,,여성,솔로
라붐 (LABOUM),대한민국,"댄스, 발라드, 국내드라마",2014.08.28,"솔빈 (LABOUM) , 정소연 (Jung Soyeon) , 진예 (LABOUM) , 해인 (LABOUM)",여성,그룹
BE'O (비오),대한민국,"랩/힙합, R&B/Soul, 댄스",2020.09.05,,남성,솔로
Yyeon,대한민국,"인디음악, R&B/Soul, 랩/힙합",2022.12.23,,남성,솔로
영탁,대한민국,"성인가요/트로트, 발라드, 국내드라마",2007.03.05,,남성,솔로
적재,대한민국,"록/메탈, 발라드, 국내드라마",2014.11.10,,남성,솔로
김대명,대한민국,"국내드라마, 발라드, 록/메탈",2018.02.13,,남성,솔로
Seori,대한민국,"R&B/Soul, 댄스, 국내드라마",2020.05.12,,여성,솔로
윤도 (YoonDo),대한민국,"발라드, R&B/Soul, 록/메탈",2019.11.13,,남성,솔로
BewhY (비와이),대한민국,"랩/힙합, 댄스, 발라드",2014.06.23,,남성,솔로
수퍼비 (SUPERBEE),대한민국,"랩/힙합, 인디음악, 국내드라마",2015.10.26,,남성,솔로
진,대한민국,"록/메탈, 발라드, 댄스",2022.10.28,,남성,솔로
ITZY (있지),대한민국,"댄스, 랩/힙합, POP",2019.02.12,"예지 (ITZY) , 리아 (ITZY) , 류진 (ITZY) , 채령 (ITZY) , 유나 (ITZY)",여성,그룹
나얼,대한민국,"R&B/Soul, 발라드, CCM",2005.01.08,,남성,솔로
테이,대한민국,"발라드, 국내드라마, 록/메탈",2004.01.05,,남성,솔로
유회승 (엔플라잉),대한민국,"발라드, 국내드라마, 록/메탈",2017.09.14,,남성,솔로
헤이즈 (Heize),대한민국,"R&B/Soul, 발라드, 국내드라마",2014.01.17,,여성,솔로
조현아 (어반자카파),대한민국,"발라드, 국내드라마, 랩/힙합",2009.02.27,,여성,솔로
마마무 (Mamamoo),대한민국,"댄스, 발라드, R&B/Soul",2014.06.19,"솔라 (마마무) , 문별 (마마무) , 휘인 (Whee In) , 화사 (HWASA)",여성,그룹
볼빨간사춘기,대한민국,"인디음악, 포크/블루스, 록/메탈",2016.04.22,안지영,여성,솔로
양다일,대한민국,"발라드, R&B/Soul, 국내드라마",2015.10.01,,남성,솔로
주주 시크릿,대한민국,"댄스, 발라드",2023.03.25,,여성,그룹
던말릭 (DON MALIK),대한민국,"랩/힙합, 인디음악",2014.11.11,,남성,솔로
Zior Park,대한민국,"록/메탈, 랩/힙합, 국내드라마",2018.04.03,,남성,솔로
이하이,대한민국,"R&B/Soul, 발라드, 댄스",2012.10.29,,여성,솔로
백아,대한민국,"인디음악, 포크/블루스, 발라드",2018.04.03,,여성,솔로
NCT 127,대한민국,"댄스, R&B/Soul, 랩/힙합",2016.07.07,"태용 (TAEYONG) , 재현 (JAEHYUN) , 윈윈 (WINWIN) , 해찬 (HAECHAN) , 유타 (YUTA) , 도영 (DOYOUNG) , 쟈니 (JOHNNY) , 정우 (JUNGWOO)",남성,그룹
화곡동 청개구리,대한민국,발라드,2024.06,,남성,솔로
하은 (포맨),대한민국,"발라드, 국내드라마, 록/메탈",2018.09.14,,남성,솔로
에이치코드 (H:CODE),대한민국,"발라드, 인디음악",2016.02.26,,남성,솔로
이우,대한민국,"발라드, 국내드라마, R&B/Soul",2018.10.27,,남성,솔로
식케이 (Sik-K),대한민국,"랩/힙합, R&B/Soul, 댄스",2015.08.07,,남성,솔로
권진아,대한민국,"발라드, 국내드라마, R&B/Soul",2016.09.19,,여성,솔로
NS 윤지,대한민국,"댄스, R&B/Soul, 발라드",2009.09,,여성,솔로
정준일,대한민국,"발라드, 인디음악, 록/메탈",2011.11.23,,남성,솔로
21학번,대한민국,"발라드, 인디음악, 국내드라마",2021.04.12,,여성,솔로
디핵 (D-Hack),대한민국,"랩/힙합, 인디음악, 록/메탈",2016.07.26,,남성,솔로
하현우 (국카스텐),대한민국,"록/메탈, 국내드라마, 발라드",2018.10.28,,남성,솔로
태일 (TAEIL),대한민국,"국내드라마, 발라드, 록/메탈",2016.01.27,,남성,솔로
안세하,대한민국,"발라드, 국내드라마",2019.12.03,,남성,솔로
노을,대한민국,"발라드, 국내드라마, R&B/Soul",2002.12.16,"이상곤 (노을) , 전우성 (노을) , 강균성 (노을) , 나성호 (노을)",남성,그룹
지민,대한민국,"댄스, R&B/Soul, 랩/힙합",2013.06,,남성,솔로
권순일 (어반자카파),대한민국,"발라드, 국내드라마, R&B/Soul",2009,,남성,솔로
에이프릴 (APRIL),대한민국,"댄스, 국내드라마, 발라드",2015.08.24,"윤채경 , 김채원 , 이나은 (에이프릴) , 양예나 (에이프릴) , 레이첼 (성나연) , 이진솔",여성,그룹
케이윌,대한민국,"발라드, 국내드라마, 댄스",2007.03.06,,남성,솔로
자우림,대한민국,"록/메탈, 발라드, 댄스",1997.11.01,"김윤아 , 이선규 , 김진만",혼성,그룹
RM,대한민국,"랩/힙합, R&B/Soul, 댄스",2018.10.23,,남성,솔로
WINNER,대한민국,"댄스, 발라드, 랩/힙합",2014.08.17,"강승윤 , JINU (김진우) , MINO (송민호) , 이승훈",남성,그룹
김승민,대한민국,"랩/힙합, R&B/Soul, 발라드",2018.06.08,,남성,솔로
MSG워너비,대한민국,"발라드, 댄스",2021.06.26,"별루지 , 김정수 , 강창모 , 정기석 , 이동휘 , 이상이 , 박재정 , 원슈타인",남성,그룹
리사 (LISA),일본,"J-POP, 애니메이션/웹툰, 월드뮤직",2011.04.20,,여성,솔로
장범준,대한민국,"록/메탈, 국내드라마, 포크/블루스",2014.08.19,,남성,솔로
Khundi Panda,대한민국,"랩/힙합, R&B/Soul, 록/메탈",2019.12.08,,남성,솔로
어반자카파,대한민국,"발라드, R&B/Soul, 국내드라마",2009.07.02,"조현아 (어반자카파) , 권순일 (어반자카파) , 박용인 (어반자카파)",혼성,그룹
나연 (TWICE),대한민국,"R&B/Soul, 댄스, 애니메이션/웹툰",2022.06.24,,여성,솔로
에일리(Ailee),대한민국,"발라드, 댄스, 국내드라마",2012.02.09,,여성,솔로
딘딘 (DINDIN),대한민국,"랩/힙합, 국내드라마, 발라드",2014.08.29,,남성,솔로
KOONTA (쿤타),대한민국,"랩/힙합, 인디음악, 국내드라마",2006.09.21,,남성,솔로
전소미,대한민국,"댄스, R&B/Soul, 발라드",2019.06.13,,여성,솔로
제이세라,대한민국,"발라드, 국내드라마, 댄스",2010.07.15,,여성,솔로
비룡,대한민국,댄스,2020.08.01,,남성,솔로
Paul Blanco,대한민국,"랩/힙합, R&B/Soul, 국내드라마",2018.10.27,,남성,솔로
DEAN,대한민국,"R&B/Soul, 댄스, 랩/힙합",2015.07.30,,남성,솔로
이홍기 (FT아일랜드),대한민국,"발라드, 국내드라마, 록/메탈",2009.1,,남성,솔로
토요태,대한민국,R&B/Soul,2021.12.18,"유재석 , 하하 , 미주 (MIJOO)",혼성,그룹
샘김 (Sam Kim),미국,"발라드, 국내드라마, R&B/Soul",2016.04.10,,남성,솔로
츄 (CHUU),대한민국,"댄스, 발라드, 국내드라마",2023.10.18,,여성,솔로
웬디 (WENDY),대한민국,"발라드, 국내드라마, R&B/Soul",2021.04.05,,여성,솔로
펀치 (Punch),대한민국,"발라드, 국내드라마, R&B/Soul",2017.09.29,,여성,솔로
박재범,미국,"랩/힙합, R&B/Soul, 댄스",2011.04.27,,남성,솔로
김세정,대한민국,"발라드, 국내드라마, 록/메탈",2016.11.23,,여성,솔로
송이한,대한민국,"R&B/Soul, 발라드, 국내드라마",2018.06.03,,남성,솔로
TOIL,대한민국,"랩/힙합, 록/메탈, R&B/Soul",2020.10.26,,남성,솔로
스윙스,대한민국,"랩/힙합, 국내드라마, 발라드",2008.05.14,,남성,솔로
이루,대한민국,"발라드, 국내드라마, 댄스",2005.09.05,,남성,솔로
숀 (SHAUN),대한민국,"일렉트로니카, 인디음악, 록/메탈",2015.09.17,,남성,솔로
경서,대한민국,"발라드, 국내드라마, 록/메탈",2020.11.14,,여성,솔로
GRAY (그레이),대한민국,"국내영화, 랩/힙합, R&B/Soul",2012.05.16,,남성,솔로
백예린 (Yerin Baek),대한민국,"R&B/Soul, 발라드, 국내드라마",2015.11.30,,여성,솔로
정효빈,대한민국,"발라드, 국내드라마, 인디음악",2019.04.16,,여성,솔로
아넌딜라이트(Anandelight),대한민국,"랩/힙합, 인디음악, R&B/Soul",2019.01.30,,남성,솔로
선우정아,대한민국,"발라드, R&B/Soul, 국내드라마",2006.05.10,,여성,솔로
로시 (Rothy),대한민국,"국내드라마, 발라드, R&B/Soul",2017.11.09,,여성,솔로
NCT U,대한민국,"댄스, R&B/Soul, 랩/힙합",2016.04.09,"재현 (JAEHYUN) , 텐 (TEN) , 태용 (TAEYONG) , 도영 (DOYOUNG) , 정우 (JUNGWOO) , 윈윈 (WINWIN) , 해찬 (HAECHAN) , 유타 (YUTA) , 천러 (CHENLE) , 재민 (JAEMIN) , 제노 (JENO) , 지성 (JISUNG) , 런쥔 (RENJUN) , 쟈니 (JOHNNY) , 쿤 (KUN) , 샤오쥔 (XIAOJUN) , 헨드리 (HENDERY) , 양양 (YANGYANG)",남성,그룹
래원 (Layone),대한민국,"랩/힙합, 국내드라마, 발라드",2019.09.06,,남성,솔로
백아연,대한민국,"발라드, 국내드라마, 댄스",2012.09.10,,여성,솔로
릴러말즈 (Leellamarz),대한민국,"랩/힙합, R&B/Soul, 클래식",2017.07.07,,남성,솔로
WSG워너비 (오아시소),대한민국,댄스,2022.07.09,"윤은혜 , 코타(KOTA) , 박진주 , 조현아 (어반자카파)",여성,그룹
그루비룸 (GroovyRoom),대한민국,"랩/힙합, 일렉트로니카, R&B/Soul",2016.12.14,"Lil Moshpit , IÖN",남성,그룹
Woodie Gochild,대한민국,"랩/힙합, 애니메이션/웹툰, R&B/Soul",2017.12.15,,남성,솔로
선미,대한민국,"댄스, 발라드, 록/메탈",2013.08.26,,여성,솔로
유연석,대한민국,"발라드, 국내드라마, 국내뮤지컬",2013.12.13,,남성,솔로
이승기,대한민국,"발라드, 록/메탈, 댄스",2004.06.25,,남성,솔로
유산슬,대한민국,성인가요/트로트,2019.11.16,,남성,솔로
김필,대한민국,"발라드, 록/메탈, 국내드라마",2011.08.30,,남성,솔로
sokodomo,대한민국,"랩/힙합, 일렉트로니카, R&B/Soul",2019.08.21,,남성,솔로
임한별,대한민국,"발라드, 국내드라마, R&B/Soul",2008.04,,남성,솔로
경서 (경서예지),대한민국,발라드,2023.06.25,,여성,솔로
SF9,대한민국,"댄스, 발라드, R&B/Soul",2016.10.05,"영빈 , 인성 , 재윤 (SF9) , 다원 , 주호 , 유태양 , 휘영 , 찬희 (SF9)",남성,그룹
다이나믹 듀오,대한민국,"랩/힙합, 댄스, 발라드",2004.05.17,"개코 , 최자",남성,그룹
이승철,대한민국,"발라드, 댄스, 록/메탈",1988.12.01,,남성,솔로
현아,대한민국,"댄스, 발라드, 랩/힙합",2010.01.04,,여성,솔로
이선희,대한민국,"발라드, POP, 키즈",1984.08.25,,여성,솔로
WSG워너비,대한민국,발라드,2022.05.28,"이보람 (씨야) , 정소연 (Jung Soyeon) , HYNN (박혜원) , 정지소",여성,그룹
문별 (마마무),대한민국,"댄스, R&B/Soul, 발라드",2018.05.23,,여성,솔로
육성재,대한민국,"발라드, 국내드라마, 록/메탈",2020.03.02,,남성,솔로
박경,대한민국,"랩/힙합, 국내드라마, R&B/Soul",2015.09.21,,남성,솔로
한요한,대한민국,"랩/힙합, 록/메탈, 발라드",2015.05.21,,남성,솔로
피아노맨,대한민국,"발라드, 인디음악, R&B/Soul",2016.02.22,,남성,솔로
전상근,대한민국,"발라드, 국내드라마, 록/메탈",2016.06.03,,남성,솔로
산들,대한민국,"발라드, 국내드라마, 록/메탈",2011.04.23,,남성,솔로
도영 (DOYOUNG),대한민국,"발라드, 국내드라마, 록/메탈",2024.04.22,,남성,솔로
Don Mills,대한민국,"랩/힙합, 댄스, 국내드라마",2013.05.01,,남성,솔로
조장혁,대한민국,"발라드, 록/메탈, 댄스",1996.01,,남성,솔로
반하나,대한민국,"발라드, 국내드라마, R&B/Soul",2014,,여성,솔로
가호 (Gaho),대한민국,"R&B/Soul, 국내드라마, 발라드",2018.05.03,,남성,솔로
박진영,대한민국,"댄스, 발라드, R&B/Soul",1994.09.01,,남성,솔로
비,대한민국,"댄스, 발라드, R&B/Soul",2002.05.13,,남성,솔로
브레이브걸스,대한민국,"댄스, 발라드, 랩/힙합",2011.04.08,"민영 (BBGIRLS) , 유정 (BBGIRLS) , 은지 (BBGIRLS) , 유나 (BBGIRLS)",여성,그룹
김나영,대한민국,"발라드, 국내드라마, 랩/힙합",2014.12.09,,여성,솔로
장덕철,대한민국,"발라드, 국내드라마, 댄스",2015.01.13,"임철 , 덕인 , 장중혁",남성,그룹
KHAN,대한민국,"랩/힙합, 인디음악",2020.05.06,,남성,솔로
저스디스 (JUSTHIS),대한민국,"랩/힙합, 국내드라마, 발라드",2015.06.12,,남성,솔로
머쉬베놈 (MUSHVENOM),대한민국,"랩/힙합, 인디음악",2019.09.05,,남성,솔로
탑현,대한민국,"발라드, 인디음악, 록/메탈",2020.09.25,,남성,솔로
솔라 (마마무),대한민국,"발라드, 국내드라마, 댄스",2020.04.23,,여성,솔로
전미도,대한민국,"국내드라마, 발라드, 록/메탈",2006,,여성,솔로
싸이 (PSY),대한민국,"랩/힙합, 댄스, 발라드",2001.01.18,,남성,솔로
CHEEZE (치즈),대한민국,"발라드, 국내드라마, 인디음악",2011.12.16,달총 (CHEEZE),여성,솔로
Agust D,대한민국,"랩/힙합, POP, 댄스",2016,,남성,솔로
제이레빗(J Rabbit),대한민국,"인디음악, 포크/블루스, 발라드",2010.11.27,"정다운 , J HYESUN",여성,그룹
코드 쿤스트 (CODE KUNST),대한민국,"랩/힙합, 인디음악, R&B/Soul",2013.05.16,,남성,솔로
김호중,대한민국,"성인가요/트로트, 발라드, 클래식",2013.03.22,,남성,솔로
Stray Kids (스트레이 키즈),대한민국,"랩/힙합, 댄스, 록/메탈",2018.03.25,"방찬 (Stray Kids) , 리노 (Stray Kids) , 창빈 (Stray Kids) , 현진 (Stray Kids) , 한 (Stray Kids) , 필릭스 (Stray Kids) , 승민 (Stray Kids) , 아이엔 (Stray Kids)",남성,그룹
pH-1,대한민국,"랩/힙합, 국내드라마, 댄스",2016.10.21,,남성,솔로
첸 (CHEN),대한민국,"발라드, 국내드라마, 댄스",2019.04.01,,남성,솔로
백지영,대한민국,"발라드, 댄스, 국내드라마",1999.06.01,,여성,솔로
이수현,대한민국,"댄스, 포크/블루스, 록/메탈",2014.04.07,"이찬혁 , 이수현",혼성,그룹
B.I,대한민국,"랩/힙합, R&B/Soul, 댄스",2021.06.01,,남성,솔로
수호 (SUHO),대한민국,"록/메탈, 발라드, 국내드라마",2020.03.30,,남성,솔로
린다G,대한민국,랩/힙합,2020,,여성,솔로
쿠기 (Coogie),대한민국,"랩/힙합, 국내드라마, 인디음악",2018.03.17,,남성,솔로
기리보이,대한민국,"랩/힙합, 발라드, 일렉트로니카",2011.11.18,,남성,솔로
MSG워너비(정상동기),대한민국,발라드,2021,"김정수 , 정기석 , 이동휘 , 이상이",남성,그룹
에픽하이 (EPIK HIGH),대한민국,"랩/힙합, 댄스, 국내드라마",2003.10.23,"TABLO , 미쓰라 진 , DJ 투컷",남성,그룹
소유 (SOYOU),대한민국,"발라드, 국내드라마, R&B/Soul",2017.12.13,,여성,솔로
미란이 (MIRANI),대한민국,"랩/힙합, R&B/Soul, 국내드라마",2020.04.24,,여성,솔로
YUNB,대한민국,"랩/힙합, R&B/Soul, 일렉트로니카",2016.09.19,,남성,솔로
이채연,대한민국,"댄스, 국내드라마, 발라드",2022.10.12,,여성,솔로
dori,대한민국,"R&B/Soul, 국내드라마, 발라드",2022.02.01,,남성,솔로
VIVIZ (비비지),대한민국,"댄스, R&B/Soul, 국내드라마",2022.02.09,"은하 (EUNHA) , 신비 (SINB) , 엄지 (UMJI)",여성,그룹
빈지노 (Beenzino),대한민국,"랩/힙합, 댄스, 국내드라마",2012.07.03,,남성,솔로
벤,대한민국,"발라드, 국내드라마, R&B/Soul",2012.09.18,,여성,솔로
이세계아이돌,대한민국,"댄스, 발라드, 록/메탈",2021.12.17,"주르르 , 아이네 , 징버거 , 릴파 , 고세구 , 비챤",여성,그룹
SINCE,대한민국,"랩/힙합, 인디음악, 게임",2020.02.21,,여성,솔로
원슈타인,대한민국,"랩/힙합, R&B/Soul, 국내드라마",2018.12.11,,남성,솔로
백현 (BAEKHYUN),대한민국,"R&B/Soul, 발라드, 국내드라마",2019.07.10,,남성,솔로
진민호,대한민국,"발라드, 국내드라마, 인디음악",2016.10.20,,남성,솔로
스탠딩 에그,대한민국,"인디음악, 포크/블루스, 발라드",2010.04.21,"Egg1 , Egg2 , Egg3",남성,그룹
펀치넬로 (punchnello),대한민국,"랩/힙합, 국내드라마, R&B/Soul",2016.09.08,,남성,솔로
DAY6 (Even of Day),대한민국,"록/메탈, 국내드라마, 발라드",2020.08.31,"Young K (DAY6) , 원필 (DAY6) , 도운 (DAY6)",남성,그룹
"MSG워너비 TOP 8 (별루지, 김정수, 강창모, 정기석, 이동휘, 이상이, 박재정, 원슈타인)'",대한민국,"발라드, 댄스",2021.06.26,"별루지 , 김정수 , 강창모 , 정기석 , 이동휘 , 이상이 , 박재정 , 원슈타인",남성,그룹
우효,대한민국,"인디음악, 일렉트로니카, 록/메탈",2014.05.15,,여성,솔로
유두래곤,대한민국,댄스,2020.08.01,,남성,솔로
에스파파(S.Papa.),대한민국,"발라드, 댄스",2004.12.08,,남성,솔로
