artist,국적,활동유형,활동장르,데뷔(곡),멤버
김태리,대한민국,"여성, 솔로","국내영화, 국내드라마, 발라드",2016.08.25,
닐로(Nilo),대한민국,"남성, 솔로",발라드,2015.09.14,
레드벨벳-아이린&슬기,대한민국,"여성, 그룹","댄스, R&B/Soul, 일렉트로니카",2020.07.06,"아이린 (IRENE) , 슬기 (SEULGI)"
양요섭,대한민국,"남성, 솔로","발라드, 국내드라마, R&B/Soul",2012.11.26,
유아 (오마이걸),대한민국,"여성, 솔로","댄스, 발라드, 국내드라마",2020.09.07,
포맨 (4MEN),대한민국,"남성, 그룹","발라드, R&B/Soul, 국내드라마",1998.02.01,"윤요셉 , 하은 (포맨) , 한빈 (포맨)"
신예영,대한민국,"여성, 솔로","발라드, 국내드라마, 록/메탈",2019.11.20,
규현 (KYUHYUN),대한민국,"남성, 솔로","발라드, 국내드라마, 댄스",2014.11.13,
가비엔제이,대한민국,"여성, 그룹","발라드, R&B/Soul, 댄스",2005.11.11,"나예 (가비엔제이) , 루안 (가비엔제이) , 리엘 (가비엔제이) , 예잔 (가비엔제이)"
창모 (CHANGMO),대한민국,"남성, 솔로","랩/힙합, 국내드라마, 댄스",2014.06.10,
조이 (JOY),대한민국,"여성, 솔로","발라드, 국내드라마, 댄스",2017,
XIA (준수),대한민국,"남성, 솔로","발라드, 댄스, 국내드라마",2012.05.15,
곽진언,대한민국,"남성, 솔로","발라드, 국내드라마, 포크/블루스",2016.05.10,
"싹쓰리 (유두래곤, 린다G, 비룡)",대한민국,"혼성, 그룹",댄스,2020.07.11,"유두래곤 , 린다G , 비룡"
LUCY,대한민국,"남성, 그룹","록/메탈, 국내드라마, 애니메이션/웹툰",2020.05.08,"신예찬 , 최상엽 , 조원상 , 신광일"
WSG워너비 조별경연 (대청봉),대한민국,"여성, 그룹",,2022.05.28,
노아주다 (noahjooda),대한민국,"남성, 솔로","랩/힙합, 인디음악, R&B/Soul",2019.01.29,
브라운아이드걸스,대한민국,"여성, 그룹","댄스, 발라드, R&B/Soul",2006.03.02,"제아 , 나르샤 (Brown Eyed Girls) , 미료 , 가인"
허성현 (rosy),대한민국,"남성, 솔로","랩/힙합, 인디음악, R&B/Soul",2019.10.15,
몬스타엑스,대한민국,"남성, 그룹","댄스, 랩/힙합, POP",2015.05.14,"주헌 (몬스타엑스) , 셔누 (몬스타엑스) , 기현 (몬스타엑스) , 형원 (몬스타엑스) , 민혁 (몬스타엑스) , I.M (아이엠)"
하동균,대한민국,"남성, 솔로","발라드, 국내드라마, 록/메탈",2006.06.09,
ZEROBASEONE (제로베이스원),대한민국,"남성, 그룹","댄스, R&B/Soul, 국내드라마",2023.07.10,"성한빈 (ZEROBASEONE) , 김지웅 (ZEROBASEONE) , 석매튜 (ZEROBASEONE) , 김태래 (ZEROBASEONE) , 박건욱 (ZEROBASEONE)"
Sondia,대한민국,"여성, 솔로","국내드라마, 발라드, 록/메탈",2016.08.11,
MINO (송민호),대한민국,"남성, 그룹","댄스, 발라드, 랩/힙합",2014.08.17,"강승윤 , JINU (김진우) , MINO (송민호) , 이승훈"
NC.A,대한민국,"여성, 솔로","발라드, 댄스, 국내드라마",2013.08.12,
윤딴딴,대한민국,"남성, 솔로","포크/블루스, 인디음악, 국내드라마",2014.02.14,
민니 (MINNIE),타이 왕국,"여성, 솔로","국내드라마, 발라드, POP",2025.01.21,
Apink (에이핑크),대한민국,"여성, 그룹","댄스, 발라드, POP",2011.04.19,"정은지 , 박초롱 (에이핑크) , 오하영 (에이핑크) , 김남주 (에이핑크) , 윤보미 (에이핑크)"
김진표,대한민국,"남성, 솔로","랩/힙합, 국내드라마, 발라드",1997.06.01,
이수 (엠씨더맥스),대한민국,"남성, 솔로","발라드, 국내드라마, 국내영화",2008.04.15,
tripleS (트리플에스),대한민국,"여성, 그룹","댄스, R&B/Soul, 국내드라마",2023.02.13,"윤서연 , 정혜린 , 이지우 , 김채연 , 김유연 , 김수민 , 김나경 , 공유빈 , 카에데 , 서다현 , 니엔 , 박소현 , 신위 , 마유 , 코토네 , 곽연지 , 린 , 주빈 , 정하연 , 박시온 , 김채원 , 설린 , 서아 , 지연"
한동근,대한민국,"남성, 솔로","발라드, 국내드라마, 댄스",2014.09.30,
황치열,대한민국,"남성, 솔로","발라드, 국내드라마, 댄스",2007.02.12,
이승윤,대한민국,"남성, 솔로","록/메탈, 인디음악, 국내드라마",2013.05.07,
하이라이트 (HIGHLIGHT),대한민국,"남성, 그룹","댄스, 발라드, R&B/Soul",2017.03.20,"윤두준 , 양요섭 , 이기광 , 손동운"
정경호,대한민국,"남성, 솔로","국내드라마, 발라드, 록/메탈",2004.12.24,
죠지,대한민국,"남성, 솔로","R&B/Soul, 발라드, 국내드라마",2016.03.16,
미연 (MIYEON),대한민국,"여성, 솔로","국내드라마, 발라드, 댄스",2022.04.27,
#안녕,대한민국,"남성, 솔로","발라드, 인디음악, 국내드라마",2016.08.18,
GOT the beat,대한민국,"여성, 그룹",댄스,2022.01.03,"보아 (BoA) , 태연 (TAEYEON) , 효연 (HYOYEON) , 슬기 (SEULGI) , 웬디 (WENDY) , 카리나 (KARINA) , 윈터 (WINTER)"
잠골버스,대한민국,"남성, 그룹","발라드, 인디음악, 록/메탈",2020.01.28,"잠골버스(준헌) , 김용 , 정일호 , 정윤섭"
길구봉구,대한민국,"남성, 그룹","발라드, 국내드라마, 댄스",2013.04.01,"봉구 (길구봉구) , 길구 (길구봉구)"
세훈&찬열,대한민국,"남성, 그룹","랩/힙합, 일렉트로니카",2019.07.22,"세훈 (SEHUN) , 찬열 (CHANYEOL)"
오마이걸 (OH MY GIRL),대한민국,"여성, 그룹","댄스, 발라드, POP",2015.04.20,"효정 (오마이걸) , 미미 (오마이걸) , 유아 (오마이걸) , 승희 (오마이걸) , 유빈 (오마이걸) , 아린 (오마이걸)"
씨야,대한민국,"여성, 그룹","발라드, 댄스, 국내영화",2006.03.12,"남규리 , 김연지 , 이보람 (씨야)"
X1 (엑스원),대한민국,"남성, 그룹","댄스, 발라드",2019.08.27,"한승우 , 김우석 , WOODZ , 김요한 , 한결(BAE173) , 차준호 , 손동표 , 민희 (CRAVITY) , 은상 , 형준 (CRAVITY) , 도현"
호미들,대한민국,"남성, 그룹","랩/힙합, 인디음악, 댄스",2019.11.15,"CK , Louie , Chin"
이상순,대한민국,"남성, 솔로","발라드, 포크/블루스, 록/메탈",2018.03.04,
Raiden,대한민국,"남성, 솔로","일렉트로니카, 댄스, 국내드라마",2017.01.13,
존박,미국,"남성, 솔로","발라드, 국내드라마, R&B/Soul",2010.12.17,
STAYC(스테이씨),대한민국,"여성, 그룹","댄스, R&B/Soul, POP",2020.11.12,"수민 (SUMIN) , 시은 (SIEUN) , 아이사 (ISA) , 세은 (SEEUN) , 윤 (YOON) , 재이 (J)"
바이브,대한민국,"남성, 그룹","발라드, R&B/Soul, 댄스",2002.02.01,"윤민수(바이브) , 류재현"
에릭남 (Eric Nam),미국,"남성, 솔로","발라드, 댄스, POP",2013.01.23,
Kep1er (케플러),대한민국,"여성, 그룹","댄스, R&B/Soul, POP",2022.01.03,"최유진 (Kep1er) , 샤오팅 (Kep1er) , 김채현 (Kep1er) , 김다연 (Kep1er) , 히카루 (Kep1er) , 휴닝바히에 (Kep1er)"
카라,대한민국,"여성, 그룹","댄스, 발라드, 국내드라마",2007.03.29,"박규리 (카라) , 한승연 , 구하라 (카라) , 허영지 (카라) , 니콜 , 강지영"
휘인 (Whee In),대한민국,"여성, 솔로","발라드, R&B/Soul, 국내드라마",2018.04.17,
NSW yoon,대한민국,"남성, 솔로","랩/힙합, 인디음악, 월드뮤직",2021.06.23,
MC몽,대한민국,"남성, 솔로","랩/힙합, 댄스, 발라드",2004.04.23,
윤민수(바이브),대한민국,"남성, 솔로","발라드, R&B/Soul, CCM",2006.12.22,
린,대한민국,"여성, 솔로","발라드, R&B/Soul, 국내드라마",2002.11.22,
효린,대한민국,"여성, 솔로","발라드, 댄스, 국내드라마",2013.11.26,
이영현,대한민국,"여성, 솔로","발라드, 국내드라마, 댄스",2009.10.29,
V,대한민국,"남성, 솔로","R&B/Soul, 국내드라마, 발라드",2023.09.08,
WSG워너비(4FIRE),대한민국,"여성, 그룹","R&B/Soul, 발라드",2022.07.09,"나비 (Navi) , SOLE (쏠) , 엄지윤 , 권진아"
박봄 (Park Bom),대한민국,"여성, 솔로","발라드, R&B/Soul, 댄스",2009.10.28,
송하예,대한민국,"여성, 솔로","발라드, 국내드라마, 댄스",2014.08.08,
뉴이스트,대한민국,"남성, 그룹","댄스, 발라드, R&B/Soul",2012.03.15,"김종현(JR) , 아론 , 백호 , 황민현 , 렌 (REN)"
주호,대한민국,"남성, 솔로","발라드, 국내드라마, R&B/Soul",2016.02.16,
송가인,대한민국,"여성, 솔로","성인가요/트로트, 발라드, 국내드라마",2012.10.12,
2BIC(투빅),대한민국,"남성, 그룹","발라드, R&B/Soul, 국내드라마",2012.03.14,"지환 (2BIC) , 준형 (2BIC)"
빈첸,대한민국,"남성, 솔로","랩/힙합, 발라드",2018.05.09,
이소정,대한민국,"여성, 솔로","발라드, 국내드라마, R&B/Soul",2017.05.04,
릴보이 (lIlBOI),대한민국,"남성, 솔로","랩/힙합, 국내드라마, 댄스",2018.12.07,
조정석,대한민국,"남성, 솔로","국내드라마, 발라드, 포크/블루스",2015.08.28,
헨리 (HENRY),캐나다,"남성, 솔로","발라드, 댄스, R&B/Soul",2013.06.07,
빅마마,대한민국,"여성, 그룹","R&B/Soul, 발라드, 댄스",2003.02.06,"신연아 , 이영현 , 박민혜 (빅마마) , 이지영 (빅마마)"
펭수,대한민국,솔로,"댄스, 랩/힙합",2020.04.21,
윤토벤,대한민국,"남성, 솔로","발라드, 인디음악, 댄스",2019.08.01,
거미 (GUMMY),대한민국,"여성, 솔로","발라드, R&B/Soul, 국내드라마",2003.02.01,
Zion.T,대한민국,"남성, 솔로","R&B/Soul, 랩/힙합, 댄스",2011.04.29,
정동하,대한민국,"남성, 솔로","발라드, 록/메탈, 국내드라마",2014.10.08,
김연지,대한민국,"여성, 솔로","발라드, 국내드라마, 성인가요/트로트",2010.02.18,
지아,대한민국,"여성, 솔로","발라드, 국내드라마, 댄스",2007.07.16,
개코,대한민국,"남성, 솔로","랩/힙합, 국내드라마, R&B/Soul",2013.02.19,
윤건,대한민국,"남성, 솔로","발라드, 국내드라마, R&B/Soul",2003.11.12,
Mudd the student,대한민국,"남성, 솔로","랩/힙합, 록/메탈, 인디음악",2019.12.03,
솔지,대한민국,"여성, 솔로","발라드, 국내드라마, 성인가요/트로트",2008.01.15,
노윤하,대한민국,"남성, 솔로","랩/힙합, 국내영화",2021.03.27,
런치,대한민국,"여성, 솔로","R&B/Soul, 인디음악, 랩/힙합",2019.09.22,
이해리 (다비치),대한민국,"여성, 솔로","발라드, 국내드라마, 댄스",2011.01,
아샤트리,대한민국,"여성, 그룹",발라드,2022.05.14,"방태연 , 문지원"
환희,대한민국,"남성, 솔로","발라드, 성인가요/트로트, 국내드라마",2009.10.22,
San E (산이),대한민국,"남성, 솔로","랩/힙합, 댄스, 국내영화",2010.09.13,
IZ*ONE (아이즈원),대한민국,"여성, 그룹","댄스, 발라드, 성인가요/트로트",2018.10.29,"장원영 (IVE) , 사쿠라 , 조유리 , YENA (최예나) , 안유진 (IVE) , 야부키 나코 , 권은비 , 강혜원 , 히토미 (HITOMI) , 김채원 , 김민주 , 이채연"
"허용별 (허각, 신용재, 임한별)",대한민국,"남성, 그룹","발라드, 록/메탈",2023.09.10,"허각 , 신용재 (2F) , 임한별"
보이비,대한민국,"남성, 솔로","랩/힙합, 국내드라마, 인디음악",2010.08.26,
윤미래,미국,"여성, 솔로","랩/힙합, R&B/Soul, 발라드",2001.09.10,
제시 (Jessi),미국,"여성, 솔로","랩/힙합, 발라드, R&B/Soul",2005.12.01,
염따,대한민국,"남성, 솔로","랩/힙합, 국내드라마, 댄스",2006.09.11,
V.O.S,대한민국,"남성, 그룹","발라드, R&B/Soul, 댄스",2004.04.12,"김경록 (V.O.S) , 최현준 (V.O.S) , 박지헌"
혁오 (HYUKOH),대한민국,"남성, 그룹","록/메탈, 인디음악, 발라드",2014.09.18,"오혁 , 이인우 , 임동건 , 임현제"
미도와 파라솔,대한민국,"혼성, 그룹","국내드라마, 록/메탈, 발라드",2020.05.15,"조정석 , 유연석 , 정경호 , 김대명 , 전미도"
정은지,대한민국,"여성, 솔로","발라드, 댄스, 국내드라마",2016.04.18,
2AM,대한민국,"남성, 그룹","발라드, 댄스, R&B/Soul",2008.07.11,"조권 , 이창민 , 임슬옹 , 정진운"
우원재,대한민국,"남성, 솔로","랩/힙합, 국내드라마, R&B/Soul",2017.09.04,
권은비,대한민국,"여성, 솔로","댄스, R&B/Soul, 국내드라마",2021.08.24,
MSG워너비(M.O.M),대한민국,"남성, 그룹",발라드,2021.05.21,"별루지 , 강창모 , 박재정 , 원슈타인"
2PM,대한민국,"남성, 그룹","댄스, 발라드, R&B/Soul",2008.09.04,"닉쿤 (2PM) , 택연 , 장우영 , 이준호 , 찬성 , 준케이 (JUN. K)"
엠씨더맥스 (M.C the MAX),대한민국,"남성, 그룹","발라드, 록/메탈, 국내드라마",2002.11.01,"이수 (엠씨더맥스) , 전민혁 , J. Yoon"
이예준,대한민국,"여성, 솔로","발라드, 국내드라마, 댄스",2014.01.07,
김재환,대한민국,"남성, 솔로","발라드, 국내드라마, R&B/Soul",2019.05.20,
소녀시대 (GIRLS' GENERATION),대한민국,"여성, 그룹","댄스, 발라드, 일렉트로니카",2007.08.05,"태연 (TAEYEON) , 써니 (SUNNY) , 유리 (YURI) , 수영 (SOOYOUNG) , Tiffany Young , 서현 (SEOHYUN) , 윤아 (YOONA) , 효연 (HYOYEON)"
태양,대한민국,"남성, 솔로","R&B/Soul, 댄스, 발라드",2008.05.22,
마미손,대한민국,"남성, 솔로","랩/힙합, 발라드, 댄스",2018.11.10,
주시크 (Joosiq),대한민국,"남성, 솔로","R&B/Soul, 인디음악, 랩/힙합",2020.07.15,
WSG워너비 (가야G),대한민국,"여성, 그룹",발라드,2022.07.09,"이보람 (씨야) , 정소연 (Jung Soyeon) , HYNN (박혜원) , 정지소"
신용재 (2F),대한민국,"남성, 솔로","발라드, 국내드라마, R&B/Soul",2012.07.27,
NCT 도재정,대한민국,"남성, 그룹","R&B/Soul, 일렉트로니카, 발라드",2023.04.17,"도영 (DOYOUNG) , 재현 (JAEHYUN) , 정우 (JUNGWOO)"
던 (DAWN),대한민국,"남성, 솔로","R&B/Soul, 발라드, 랩/힙합",2019.11.05,
라비 (RAVI),대한민국,"남성, 솔로","랩/힙합, 발라드, 댄스",2017.01.09,
선예,대한민국,"여성, 솔로","발라드, 국내드라마, CCM",2007.07,
PATEKO (파테코),대한민국,"남성, 솔로","인디음악, 랩/힙합, 록/메탈",2020.07.19,
순순희(기태),대한민국,"남성, 솔로","발라드, 인디음악, 국내드라마",2023.01.23,
청하,대한민국,"여성, 솔로","댄스, 발라드, 국내드라마",2017.04.21,
이석훈,대한민국,"남성, 솔로","발라드, 국내드라마, 댄스",2010.04.22,
케이시 (Kassy),대한민국,"여성, 솔로","발라드, 국내드라마, R&B/Soul",2015.08.25,
Say Yes!,"대한민국,캐나다","남성, 그룹",댄스,2023.04.06,
조광일,대한민국,"남성, 솔로","랩/힙합, 국내드라마, 인디음악",2019.10.29,
보라미유,대한민국,"여성, 솔로","발라드, 인디음악, 국내드라마",2018.11.21,
베이식 (Basick),대한민국,"남성, 솔로","랩/힙합, 인디음악, 국내드라마",2008.03.18,
장혜진,대한민국,"여성, 솔로","발라드, 국내드라마, 댄스",1991.09.01,
찬열 (CHANYEOL),대한민국,"남성, 솔로","발라드, 록/메탈, 국내영화",2024.08.28,
강민경 (다비치),대한민국,"여성, 솔로","발라드, 국내드라마, 댄스",2012.08,
SHINee (샤이니),대한민국,"남성, 그룹","댄스, 발라드, R&B/Soul",2008.05.25,"종현 (JONGHYUN) , 키 (KEY) , 태민 (TAEMIN) , 온유 (ONEW) , 민호 (MINHO)"
블루 (BLOO),대한민국,"남성, 솔로","랩/힙합, 인디음악, 국내드라마",2016.06.18,
ASH ISLAND,대한민국,"남성, 솔로","랩/힙합, R&B/Soul, 록/메탈",2018.11.12,
시온,독일,"남성, 솔로","R&B/Soul, 발라드, 국내드라마",2022.07.23,
유림,대한민국,"여성, 솔로",발라드,2022.11.13,
KCM,대한민국,"남성, 솔로","발라드, 국내드라마, 댄스",2004.09.07,
Red Velvet (레드벨벳),대한민국,"여성, 그룹","댄스, R&B/Soul, 발라드",2014.08.01,"웬디 (WENDY) , 아이린 (IRENE) , 슬기 (SEULGI) , 조이 (JOY) , 예리 (YERI)"
환불원정대,대한민국,"여성, 그룹",댄스,2020.10.10,"만옥 , 천옥 , 은비 , 실비"
HYNN (박혜원),대한민국,"여성, 솔로","발라드, 국내드라마, 록/메탈",2018.12.28,
라붐 (LABOUM),대한민국,"여성, 그룹","댄스, 발라드, 국내드라마",2014.08.28,"솔빈 (LABOUM) , 정소연 (Jung Soyeon) , 진예 (LABOUM) , 해인 (LABOUM)"
BE'O (비오),대한민국,"남성, 솔로","랩/힙합, R&B/Soul, 댄스",2020.09.05,
Yyeon,대한민국,"남성, 솔로","인디음악, R&B/Soul, 랩/힙합",2022.12.23,
영탁,대한민국,"남성, 솔로","성인가요/트로트, 발라드, 국내드라마",2007.03.05,
적재,대한민국,"남성, 솔로","록/메탈, 발라드, 국내드라마",2014.11.10,
김대명,대한민국,"남성, 솔로","국내드라마, 발라드, 록/메탈",2018.02.13,
Seori,대한민국,"여성, 솔로","R&B/Soul, 댄스, 국내드라마",2020.05.12,
윤도 (YoonDo),대한민국,"남성, 솔로","발라드, R&B/Soul, 록/메탈",2019.11.13,
BewhY (비와이),대한민국,"남성, 솔로","랩/힙합, 댄스, 발라드",2014.06.23,
수퍼비 (SUPERBEE),대한민국,"남성, 솔로","랩/힙합, 인디음악, 국내드라마",2015.10.26,
진,대한민국,"남성, 솔로","록/메탈, 발라드, 댄스",2022.10.28,
ITZY (있지),대한민국,"여성, 그룹","댄스, 랩/힙합, POP",2019.02.12,"예지 (ITZY) , 리아 (ITZY) , 류진 (ITZY) , 채령 (ITZY) , 유나 (ITZY)"
나얼,대한민국,"남성, 솔로","R&B/Soul, 발라드, CCM",2005.01.08,
테이,대한민국,"남성, 솔로","발라드, 국내드라마, 록/메탈",2004.01.05,
유회승 (엔플라잉),대한민국,"남성, 솔로","발라드, 국내드라마, 록/메탈",2017.09.14,
헤이즈 (Heize),대한민국,"여성, 솔로","R&B/Soul, 발라드, 국내드라마",2014.01.17,
조현아 (어반자카파),대한민국,"여성, 솔로","발라드, 국내드라마, 랩/힙합",2009.02.27,
마마무 (Mamamoo),대한민국,"여성, 그룹","댄스, 발라드, R&B/Soul",2014.06.19,"솔라 (마마무) , 문별 (마마무) , 휘인 (Whee In) , 화사 (HWASA)"
볼빨간사춘기,대한민국,"여성, 솔로","인디음악, 포크/블루스, 록/메탈",2016.04.22,안지영
양다일,대한민국,"남성, 솔로","발라드, R&B/Soul, 국내드라마",2015.10.01,
주주 시크릿,대한민국,"여성, 그룹","댄스, 발라드",2023.03.25,
던말릭 (DON MALIK),대한민국,"남성, 솔로","랩/힙합, 인디음악",2014.11.11,
Zior Park,대한민국,"남성, 솔로","록/메탈, 랩/힙합, 국내드라마",2018.04.03,
이하이,대한민국,"여성, 솔로","R&B/Soul, 발라드, 댄스",2012.10.29,
백아,대한민국,"여성, 솔로","인디음악, 포크/블루스, 발라드",2018.04.03,
NCT 127,대한민국,"남성, 그룹","댄스, R&B/Soul, 랩/힙합",2016.07.07,"태용 (TAEYONG) , 재현 (JAEHYUN) , 윈윈 (WINWIN) , 해찬 (HAECHAN) , 유타 (YUTA) , 도영 (DOYOUNG) , 쟈니 (JOHNNY) , 정우 (JUNGWOO)"
화곡동 청개구리,대한민국,"남성, 솔로",발라드,2024.06,
하은 (포맨),대한민국,"남성, 솔로","발라드, 국내드라마, 록/메탈",2018.09.14,
에이치코드 (H:CODE),대한민국,"남성, 솔로","발라드, 인디음악",2016.02.26,
이우,대한민국,"남성, 솔로","발라드, 국내드라마, R&B/Soul",2018.10.27,
식케이 (Sik-K),대한민국,"남성, 솔로","랩/힙합, R&B/Soul, 댄스",2015.08.07,
권진아,대한민국,"여성, 솔로","발라드, 국내드라마, R&B/Soul",2016.09.19,
NS 윤지,대한민국,"여성, 솔로","댄스, R&B/Soul, 발라드",2009.09,
정준일,대한민국,"남성, 솔로","발라드, 인디음악, 록/메탈",2011.11.23,
21학번,대한민국,"여성, 솔로","발라드, 인디음악, 국내드라마",2021.04.12,
디핵 (D-Hack),대한민국,"남성, 솔로","랩/힙합, 인디음악, 록/메탈",2016.07.26,
하현우 (국카스텐),대한민국,"남성, 솔로","록/메탈, 국내드라마, 발라드",2018.10.28,
태일 (TAEIL),대한민국,"남성, 솔로","국내드라마, 발라드, 록/메탈",2016.01.27,
안세하,대한민국,"남성, 솔로","발라드, 국내드라마",2019.12.03,
노을,대한민국,"남성, 그룹","발라드, 국내드라마, R&B/Soul",2002.12.16,"이상곤 (노을) , 전우성 (노을) , 강균성 (노을) , 나성호 (노을)"
지민,대한민국,"남성, 솔로","댄스, R&B/Soul, 랩/힙합",2013.06,
권순일 (어반자카파),대한민국,"남성, 솔로","발라드, 국내드라마, R&B/Soul",2009,
에이프릴 (APRIL),대한민국,"여성, 그룹","댄스, 국내드라마, 발라드",2015.08.24,"윤채경 , 김채원 , 이나은 (에이프릴) , 양예나 (에이프릴) , 레이첼 (성나연) , 이진솔"
케이윌,대한민국,"남성, 솔로","발라드, 국내드라마, 댄스",2007.03.06,
자우림,대한민국,"혼성, 그룹","록/메탈, 발라드, 댄스",1997.11.01,"김윤아 , 이선규 , 김진만"
RM,대한민국,"남성, 솔로","랩/힙합, R&B/Soul, 댄스",2018.10.23,
WINNER,대한민국,"남성, 그룹","댄스, 발라드, 랩/힙합",2014.08.17,"강승윤 , JINU (김진우) , MINO (송민호) , 이승훈"
김승민,대한민국,"남성, 솔로","랩/힙합, R&B/Soul, 발라드",2018.06.08,
MSG워너비,대한민국,"남성, 그룹","발라드, 댄스",2021.06.26,"별루지 , 김정수 , 강창모 , 정기석 , 이동휘 , 이상이 , 박재정 , 원슈타인"
리사 (LISA),일본,"여성, 솔로","J-POP, 애니메이션/웹툰, 월드뮤직",2011.04.20,
장범준,대한민국,"남성, 솔로","록/메탈, 국내드라마, 포크/블루스",2014.08.19,
Khundi Panda,대한민국,"남성, 솔로","랩/힙합, R&B/Soul, 록/메탈",2019.12.08,
어반자카파,대한민국,"혼성, 그룹","발라드, R&B/Soul, 국내드라마",2009.07.02,"조현아 (어반자카파) , 권순일 (어반자카파) , 박용인 (어반자카파)"
나연 (TWICE),대한민국,"여성, 솔로","R&B/Soul, 댄스, 애니메이션/웹툰",2022.06.24,
에일리(Ailee),대한민국,"여성, 솔로","발라드, 댄스, 국내드라마",2012.02.09,
딘딘 (DINDIN),대한민국,"남성, 솔로","랩/힙합, 국내드라마, 발라드",2014.08.29,
KOONTA (쿤타),대한민국,"남성, 솔로","랩/힙합, 인디음악, 국내드라마",2006.09.21,
전소미,대한민국,"여성, 솔로","댄스, R&B/Soul, 발라드",2019.06.13,
제이세라,대한민국,"여성, 솔로","발라드, 국내드라마, 댄스",2010.07.15,
비룡,대한민국,"남성, 솔로",댄스,2020.08.01,
Paul Blanco,대한민국,"남성, 솔로","랩/힙합, R&B/Soul, 국내드라마",2018.10.27,
DEAN,대한민국,"남성, 솔로","R&B/Soul, 댄스, 랩/힙합",2015.07.30,
이홍기 (FT아일랜드),대한민국,"남성, 솔로","발라드, 국내드라마, 록/메탈",2009.1,
토요태,대한민국,"혼성, 그룹",R&B/Soul,2021.12.18,"유재석 , 하하 , 미주 (MIJOO)"
샘김 (Sam Kim),미국,"남성, 솔로","발라드, 국내드라마, R&B/Soul",2016.04.10,
츄 (CHUU),대한민국,"여성, 솔로","댄스, 발라드, 국내드라마",2023.10.18,
웬디 (WENDY),대한민국,"여성, 솔로","발라드, 국내드라마, R&B/Soul",2021.04.05,
펀치 (Punch),대한민국,"여성, 솔로","발라드, 국내드라마, R&B/Soul",2017.09.29,
박재범,미국,"남성, 솔로","랩/힙합, R&B/Soul, 댄스",2011.04.27,
김세정,대한민국,"여성, 솔로","발라드, 국내드라마, 록/메탈",2016.11.23,
송이한,대한민국,"남성, 솔로","R&B/Soul, 발라드, 국내드라마",2018.06.03,
TOIL,대한민국,"남성, 솔로","랩/힙합, 록/메탈, R&B/Soul",2020.10.26,
스윙스,대한민국,"남성, 솔로","랩/힙합, 국내드라마, 발라드",2008.05.14,
이루,대한민국,"남성, 솔로","발라드, 국내드라마, 댄스",2005.09.05,
숀 (SHAUN),대한민국,"남성, 솔로","일렉트로니카, 인디음악, 록/메탈",2015.09.17,
경서,대한민국,"여성, 솔로","발라드, 국내드라마, 록/메탈",2020.11.14,
GRAY (그레이),대한민국,"남성, 솔로","국내영화, 랩/힙합, R&B/Soul",2012.05.16,
백예린 (Yerin Baek),대한민국,"여성, 솔로","R&B/Soul, 발라드, 국내드라마",2015.11.30,
정효빈,대한민국,"여성, 솔로","발라드, 국내드라마, 인디음악",2019.04.16,
아넌딜라이트(Anandelight),대한민국,"남성, 솔로","랩/힙합, 인디음악, R&B/Soul",2019.01.30,
선우정아,대한민국,"여성, 솔로","발라드, R&B/Soul, 국내드라마",2006.05.10,
로시 (Rothy),대한민국,"여성, 솔로","국내드라마, 발라드, R&B/Soul",2017.11.09,
NCT U,대한민국,"남성, 그룹","댄스, R&B/Soul, 랩/힙합",2016.04.09,"재현 (JAEHYUN) , 텐 (TEN) , 태용 (TAEYONG) , 도영 (DOYOUNG) , 정우 (JUNGWOO) , 윈윈 (WINWIN) , 해찬 (HAECHAN) , 유타 (YUTA) , 천러 (CHENLE) , 재민 (JAEMIN) , 제노 (JENO) , 지성 (JISUNG) , 런쥔 (RENJUN) , 쟈니 (JOHNNY) , 쿤 (KUN) , 샤오쥔 (XIAOJUN) , 헨드리 (HENDERY) , 양양 (YANGYANG)"
래원 (Layone),대한민국,"남성, 솔로","랩/힙합, 국내드라마, 발라드",2019.09.06,
백아연,대한민국,"여성, 솔로","발라드, 국내드라마, 댄스",2012.09.10,
릴러말즈 (Leellamarz),대한민국,"남성, 솔로","랩/힙합, R&B/Soul, 클래식",2017.07.07,
WSG워너비 (오아시소),대한민국,"여성, 그룹",댄스,2022.07.09,"윤은혜 , 코타(KOTA) , 박진주 , 조현아 (어반자카파)"
그루비룸 (GroovyRoom),대한민국,"남성, 그룹","랩/힙합, 일렉트로니카, R&B/Soul",2016.12.14,"Lil Moshpit , IÖN"
Woodie Gochild,대한민국,"남성, 솔로","랩/힙합, 애니메이션/웹툰, R&B/Soul",2017.12.15,
선미,대한민국,"여성, 솔로","댄스, 발라드, 록/메탈",2013.08.26,
유연석,대한민국,"남성, 솔로","발라드, 국내드라마, 국내뮤지컬",2013.12.13,
이승기,대한민국,"남성, 솔로","발라드, 록/메탈, 댄스",2004.06.25,
유산슬,대한민국,"남성, 솔로",성인가요/트로트,2019.11.16,
김필,대한민국,"남성, 솔로","발라드, 록/메탈, 국내드라마",2011.08.30,
sokodomo,대한민국,"남성, 솔로","랩/힙합, 일렉트로니카, R&B/Soul",2019.08.21,
임한별,대한민국,"남성, 솔로","발라드, 국내드라마, R&B/Soul",2008.04,
경서 (경서예지),대한민국,"여성, 솔로",발라드,2023.06.25,
SF9,대한민국,"남성, 그룹","댄스, 발라드, R&B/Soul",2016.10.05,"영빈 , 인성 , 재윤 (SF9) , 다원 , 주호 , 유태양 , 휘영 , 찬희 (SF9)"
다이나믹 듀오,대한민국,"남성, 그룹","랩/힙합, 댄스, 발라드",2004.05.17,"개코 , 최자"
이승철,대한민국,"남성, 솔로","발라드, 댄스, 록/메탈",1988.12.01,
현아,대한민국,"여성, 솔로","댄스, 발라드, 랩/힙합",2010.01.04,
이선희,대한민국,"여성, 솔로","발라드, POP, 키즈",1984.08.25,
WSG워너비,대한민국,"여성, 그룹",발라드,2022.05.28,"이보람 (씨야) , 정소연 (Jung Soyeon) , HYNN (박혜원) , 정지소"
문별 (마마무),대한민국,"여성, 솔로","댄스, R&B/Soul, 발라드",2018.05.23,
육성재,대한민국,"남성, 솔로","발라드, 국내드라마, 록/메탈",2020.03.02,
박경,대한민국,"남성, 솔로","랩/힙합, 국내드라마, R&B/Soul",2015.09.21,
한요한,대한민국,"남성, 솔로","랩/힙합, 록/메탈, 발라드",2015.05.21,
피아노맨,대한민국,"남성, 솔로","발라드, 인디음악, R&B/Soul",2016.02.22,
전상근,대한민국,"남성, 솔로","발라드, 국내드라마, 록/메탈",2016.06.03,
산들,대한민국,"남성, 솔로","발라드, 국내드라마, 록/메탈",2011.04.23,
도영 (DOYOUNG),대한민국,"남성, 솔로","발라드, 국내드라마, 록/메탈",2024.04.22,
Don Mills,대한민국,"남성, 솔로","랩/힙합, 댄스, 국내드라마",2013.05.01,
조장혁,대한민국,"남성, 솔로","발라드, 록/메탈, 댄스",1996.01,
반하나,대한민국,"여성, 솔로","발라드, 국내드라마, R&B/Soul",2014,
가호 (Gaho),대한민국,"남성, 솔로","R&B/Soul, 국내드라마, 발라드",2018.05.03,
박진영,대한민국,"남성, 솔로","댄스, 발라드, R&B/Soul",1994.09.01,
비,대한민국,"남성, 솔로","댄스, 발라드, R&B/Soul",2002.05.13,
브레이브걸스,대한민국,"여성, 그룹","댄스, 발라드, 랩/힙합",2011.04.08,"민영 (BBGIRLS) , 유정 (BBGIRLS) , 은지 (BBGIRLS) , 유나 (BBGIRLS)"
김나영,대한민국,"여성, 솔로","발라드, 국내드라마, 랩/힙합",2014.12.09,
장덕철,대한민국,"남성, 그룹","발라드, 국내드라마, 댄스",2015.01.13,"임철 , 덕인 , 장중혁"
KHAN,대한민국,"남성, 솔로","랩/힙합, 인디음악",2020.05.06,
저스디스 (JUSTHIS),대한민국,"남성, 솔로","랩/힙합, 국내드라마, 발라드",2015.06.12,
머쉬베놈 (MUSHVENOM),대한민국,"남성, 솔로","랩/힙합, 인디음악",2019.09.05,
탑현,대한민국,"남성, 솔로","발라드, 인디음악, 록/메탈",2020.09.25,
솔라 (마마무),대한민국,"여성, 솔로","발라드, 국내드라마, 댄스",2020.04.23,
전미도,대한민국,"여성, 솔로","국내드라마, 발라드, 록/메탈",2006,
싸이 (PSY),대한민국,"남성, 솔로","랩/힙합, 댄스, 발라드",2001.01.18,
CHEEZE (치즈),대한민국,"여성, 솔로","발라드, 국내드라마, 인디음악",2011.12.16,달총 (CHEEZE)
Agust D,대한민국,"남성, 솔로","랩/힙합, POP, 댄스",2016,
제이레빗(J Rabbit),대한민국,"여성, 그룹","인디음악, 포크/블루스, 발라드",2010.11.27,"정다운 , J HYESUN"
코드 쿤스트 (CODE KUNST),대한민국,"남성, 솔로","랩/힙합, 인디음악, R&B/Soul",2013.05.16,
김호중,대한민국,"남성, 솔로","성인가요/트로트, 발라드, 클래식",2013.03.22,
Stray Kids (스트레이 키즈),대한민국,"남성, 그룹","랩/힙합, 댄스, 록/메탈",2018.03.25,"방찬 (Stray Kids) , 리노 (Stray Kids) , 창빈 (Stray Kids) , 현진 (Stray Kids) , 한 (Stray Kids) , 필릭스 (Stray Kids) , 승민 (Stray Kids) , 아이엔 (Stray Kids)"
pH-1,대한민국,"남성, 솔로","랩/힙합, 국내드라마, 댄스",2016.10.21,
첸 (CHEN),대한민국,"남성, 솔로","발라드, 국내드라마, 댄스",2019.04.01,
백지영,대한민국,"여성, 솔로","발라드, 댄스, 국내드라마",1999.06.01,
이수현,대한민국,"혼성, 그룹","댄스, 포크/블루스, 록/메탈",2014.04.07,"이찬혁 , 이수현"
B.I,대한민국,"남성, 솔로","랩/힙합, R&B/Soul, 댄스",2021.06.01,
수호 (SUHO),대한민국,"남성, 솔로","록/메탈, 발라드, 국내드라마",2020.03.30,
린다G,대한민국,"여성, 솔로",랩/힙합,2020,
쿠기 (Coogie),대한민국,"남성, 솔로","랩/힙합, 국내드라마, 인디음악",2018.03.17,
기리보이,대한민국,"남성, 솔로","랩/힙합, 발라드, 일렉트로니카",2011.11.18,
MSG워너비(정상동기),대한민국,"남성, 그룹",발라드,2021,"김정수 , 정기석 , 이동휘 , 이상이"
에픽하이 (EPIK HIGH),대한민국,"남성, 그룹","랩/힙합, 댄스, 국내드라마",2003.10.23,"TABLO , 미쓰라 진 , DJ 투컷"
소유 (SOYOU),대한민국,"여성, 솔로","발라드, 국내드라마, R&B/Soul",2017.12.13,
미란이 (MIRANI),대한민국,"여성, 솔로","랩/힙합, R&B/Soul, 국내드라마",2020.04.24,
YUNB,대한민국,"남성, 솔로","랩/힙합, R&B/Soul, 일렉트로니카",2016.09.19,
이채연,대한민국,"여성, 솔로","댄스, 국내드라마, 발라드",2022.10.12,
dori,대한민국,"남성, 솔로","R&B/Soul, 국내드라마, 발라드",2022.02.01,
VIVIZ (비비지),대한민국,"여성, 그룹","댄스, R&B/Soul, 국내드라마",2022.02.09,"은하 (EUNHA) , 신비 (SINB) , 엄지 (UMJI)"
빈지노 (Beenzino),대한민국,"남성, 솔로","랩/힙합, 댄스, 국내드라마",2012.07.03,
벤,대한민국,"여성, 솔로","발라드, 국내드라마, R&B/Soul",2012.09.18,
이세계아이돌,대한민국,"여성, 그룹","댄스, 발라드, 록/메탈",2021.12.17,"주르르 , 아이네 , 징버거 , 릴파 , 고세구 , 비챤"
SINCE,대한민국,"여성, 솔로","랩/힙합, 인디음악, 게임",2020.02.21,
원슈타인,대한민국,"남성, 솔로","랩/힙합, R&B/Soul, 국내드라마",2018.12.11,
백현 (BAEKHYUN),대한민국,"남성, 솔로","R&B/Soul, 발라드, 국내드라마",2019.07.10,
진민호,대한민국,"남성, 솔로","발라드, 국내드라마, 인디음악",2016.10.20,
스탠딩 에그,대한민국,"남성, 그룹","인디음악, 포크/블루스, 발라드",2010.04.21,"Egg1 , Egg2 , Egg3"
펀치넬로 (punchnello),대한민국,"남성, 솔로","랩/힙합, 국내드라마, R&B/Soul",2016.09.08,
DAY6 (Even of Day),대한민국,"남성, 그룹","록/메탈, 국내드라마, 발라드",2020.08.31,"Young K (DAY6) , 원필 (DAY6) , 도운 (DAY6)"
"MSG워너비 TOP 8 (별루지, 김정수, 강창모, 정기석, 이동휘, 이상이, 박재정, 원슈타인)'",대한민국,"남성, 그룹","발라드, 댄스",2021.06.26,"별루지 , 김정수 , 강창모 , 정기석 , 이동휘 , 이상이 , 박재정 , 원슈타인"
우효,대한민국,"여성, 솔로","인디음악, 일렉트로니카, 록/메탈",2014.05.15,
유두래곤,대한민국,"남성, 솔로",댄스,2020.08.01,
에스파파(S.Papa.),대한민국,"남성, 솔로","발라드, 댄스",2004.12.08,